,eis_number,error,link
0,,"Command '['pdftotext', 'temp_file.pdf']' returned non-zero exit status 1",https://s3.amazonaws.com/epaeis/04-11-2014/20140112/detachedsignaturexml.pdf
1,,"Command '['pdftotext', 'temp_file.pdf']' returned non-zero exit status 1",https://s3.amazonaws.com/epaeis/01-24-2014/20140014/appendix_a_geographic_information_systems_technical_documentation_1113.pdf
2,,"Command '['pdftotext', 'temp_file.pdf']' returned non-zero exit status 1",https://s3.amazonaws.com/epaeis/01-24-2014/20140014/appendix_k_section_106_materials_and_correspondence_pt_2_of_9.pdf
3,,"Command '['pdftotext', 'temp_file.pdf']' returned non-zero exit status 1",https://s3.amazonaws.com/epaeis/09-13-2013/20130272/greens_creek_feis_epa_09_06_13.pdf
4,,"Command '['pdftotext', 'temp_file.pdf']' returned non-zero exit status 1",https://s3.amazonaws.com/epaeis/05-16-2014/20140147/rim_fire_recovery_43033_draft_environmental_impact_statement_map_package.pdf
5,,"Command '['pdftotext', 'temp_file.pdf']' returned non-zero exit status 1",https://s3.amazonaws.com/epaeis/08-30-2013/20130250/15appendix_b__cost_engineering.pdf
6,,"Command '['pdftotext', 'temp_file.pdf']' returned non-zero exit status 1",https://s3.amazonaws.com/epaeis/10-26-2012/20120335/october2012_tu-mshcp-errata.pdf
7,,"Command '['pdftotext', 'temp_file.pdf']' returned non-zero exit status 1",https://s3.amazonaws.com/epaeis/10-26-2012/20120335/tumshcpsdeis--chapter-12.pdf
8,,"Command '['pdftotext', 'temp_file.pdf']' returned non-zero exit status 1",https://s3.amazonaws.com/epaeis/10-26-2012/20120335/tumshpsdeis_vol-ii-comments-c.pdf
9,,"Command '['pdftotext', 'temp_file.pdf']' returned non-zero exit status 1",https://s3.amazonaws.com/epaeis/10-12-2012/20120318/cromerrsubmissions100420121024zip.pdf
10,,"Command '['pdftotext', 'temp_file.pdf']' returned non-zero exit status 1",https://s3.amazonaws.com/epaeis/07-12-2013/20130206/_executivesummary.pdf
11,,"Command '['pdftotext', 'temp_file.pdf']' returned non-zero exit status 1",https://s3.amazonaws.com/epaeis/07-12-2013/20130206/chapter01_projectpurposeandneed.pdf
12,,"Command '['pdftotext', 'temp_file.pdf']' returned non-zero exit status 1",https://s3.amazonaws.com/epaeis/07-12-2013/20130201/alt1_fsize.pdf
13,,"Command '['pdftotext', 'temp_file.pdf']' returned non-zero exit status 1",https://s3.amazonaws.com/epaeis/07-05-2013/20130197/everglades-agricultural-area-a1-shallow-feb-final-eis-appendix.pdf
14,,"Command '['pdftotext', 'temp_file.pdf']' returned non-zero exit status 1",https://s3.amazonaws.com/epaeis/06-14-2013/20130162/figure-m-041w.pdf
15,,"Command '['pdftotext', 'temp_file.pdf']' returned non-zero exit status 1",https://s3.amazonaws.com/epaeis/06-14-2013/20130162/figure-m-081e.pdf
